<?xml version="1.0" encoding="UTF-8"?>
<root>
  <item name="com.polidea.rxandroidble.internal.connection.IllegalOperationChecker rx.Completable checkAnyPropertyMatches(android.bluetooth.BluetoothGattCharacteristic, int) 1">
    <annotation name="android.support.annotation.IntDef">
      <val name="flag" val="true" />
      <val name="value" val="{android.bluetooth.BluetoothGattCharacteristic.PROPERTY_READ, android.bluetooth.BluetoothGattCharacteristic.PROPERTY_BROADCAST, android.bluetooth.BluetoothGattCharacteristic.PROPERTY_WRITE, android.bluetooth.BluetoothGattCharacteristic.PROPERTY_WRITE_NO_RESPONSE, android.bluetooth.BluetoothGattCharacteristic.PROPERTY_SIGNED_WRITE, android.bluetooth.BluetoothGattCharacteristic.PROPERTY_INDICATE, android.bluetooth.BluetoothGattCharacteristic.PROPERTY_NOTIFY}" />
    </annotation>
  </item>
  <item name="com.polidea.rxandroidble.internal.connection.IllegalOperationHandler com.polidea.rxandroidble.internal.BleIllegalOperationException handleMismatchData(android.bluetooth.BluetoothGattCharacteristic, int) 1">
    <annotation name="android.support.annotation.IntDef">
      <val name="flag" val="true" />
      <val name="value" val="{android.bluetooth.BluetoothGattCharacteristic.PROPERTY_READ, android.bluetooth.BluetoothGattCharacteristic.PROPERTY_BROADCAST, android.bluetooth.BluetoothGattCharacteristic.PROPERTY_WRITE, android.bluetooth.BluetoothGattCharacteristic.PROPERTY_WRITE_NO_RESPONSE, android.bluetooth.BluetoothGattCharacteristic.PROPERTY_SIGNED_WRITE, android.bluetooth.BluetoothGattCharacteristic.PROPERTY_INDICATE, android.bluetooth.BluetoothGattCharacteristic.PROPERTY_NOTIFY}" />
    </annotation>
  </item>
  <item name="com.polidea.rxandroidble.internal.connection.IllegalOperationMessageCreator java.lang.String createMismatchMessage(android.bluetooth.BluetoothGattCharacteristic, int) 1">
    <annotation name="android.support.annotation.IntDef">
      <val name="flag" val="true" />
      <val name="value" val="{android.bluetooth.BluetoothGattCharacteristic.PROPERTY_READ, android.bluetooth.BluetoothGattCharacteristic.PROPERTY_BROADCAST, android.bluetooth.BluetoothGattCharacteristic.PROPERTY_WRITE, android.bluetooth.BluetoothGattCharacteristic.PROPERTY_WRITE_NO_RESPONSE, android.bluetooth.BluetoothGattCharacteristic.PROPERTY_SIGNED_WRITE, android.bluetooth.BluetoothGattCharacteristic.PROPERTY_INDICATE, android.bluetooth.BluetoothGattCharacteristic.PROPERTY_NOTIFY}" />
    </annotation>
  </item>
</root>

