<?xml version="1.0" encoding="UTF-8"?>
<root>
  <item name="com.polidea.rxandroidble.RxBleClient void setLogLevel(int) 0">
    <annotation name="android.support.annotation.IntDef">
      <val name="value" val="{com.polidea.rxandroidble.internal.RxBleLog.VERBOSE, com.polidea.rxandroidble.internal.RxBleLog.DEBUG, com.polidea.rxandroidble.internal.RxBleLog.INFO, com.polidea.rxandroidble.internal.RxBleLog.WARN, com.polidea.rxandroidble.internal.RxBleLog.ERROR, com.polidea.rxandroidble.internal.RxBleLog.NONE}" />
    </annotation>
  </item>
  <item name="com.polidea.rxandroidble.RxBleConnection rx.Completable requestConnectionPriority(int, long, java.util.concurrent.TimeUnit) 0">
    <annotation name="android.support.annotation.IntDef">
      <val name="value" val="{android.bluetooth.BluetoothGatt.CONNECTION_PRIORITY_LOW_POWER, android.bluetooth.BluetoothGatt.CONNECTION_PRIORITY_BALANCED, android.bluetooth.BluetoothGatt.CONNECTION_PRIORITY_HIGH}" />
    </annotation>
  </item>
  <item name="com.polidea.rxandroidble.RxBleConnection.ConnectionPriority">
    <annotation name="android.support.annotation.IntDef">
      <val name="value" val="{android.bluetooth.BluetoothGatt.CONNECTION_PRIORITY_LOW_POWER, android.bluetooth.BluetoothGatt.CONNECTION_PRIORITY_BALANCED, android.bluetooth.BluetoothGatt.CONNECTION_PRIORITY_HIGH}" />
    </annotation>
  </item>
</root>

