<?xml version="1.0" encoding="UTF-8"?>
<root>
  <item name="com.polidea.rxandroidble.helpers.ValueInterpreter java.lang.Float getFloatValue(byte[], int, int) 1">
    <annotation name="android.support.annotation.IntDef">
      <val name="value" val="{com.polidea.rxandroidble.helpers.ValueInterpreter.FORMAT_SFLOAT, com.polidea.rxandroidble.helpers.ValueInterpreter.FORMAT_FLOAT}" />
    </annotation>
  </item>
  <item name="com.polidea.rxandroidble.helpers.ValueInterpreter java.lang.Integer getIntValue(byte[], int, int) 1">
    <annotation name="android.support.annotation.IntDef">
      <val name="value" val="{com.polidea.rxandroidble.helpers.ValueInterpreter.FORMAT_UINT8, com.polidea.rxandroidble.helpers.ValueInterpreter.FORMAT_UINT16, com.polidea.rxandroidble.helpers.ValueInterpreter.FORMAT_UINT32, com.polidea.rxandroidble.helpers.ValueInterpreter.FORMAT_SINT8, com.polidea.rxandroidble.helpers.ValueInterpreter.FORMAT_SINT16, com.polidea.rxandroidble.helpers.ValueInterpreter.FORMAT_SINT32}" />
    </annotation>
  </item>
  <item name="com.polidea.rxandroidble.helpers.ValueInterpreter.FloatFormatType">
    <annotation name="android.support.annotation.IntDef">
      <val name="value" val="{com.polidea.rxandroidble.helpers.ValueInterpreter.FORMAT_SFLOAT, com.polidea.rxandroidble.helpers.ValueInterpreter.FORMAT_FLOAT}" />
    </annotation>
  </item>
  <item name="com.polidea.rxandroidble.helpers.ValueInterpreter.IntFormatType">
    <annotation name="android.support.annotation.IntDef">
      <val name="value" val="{com.polidea.rxandroidble.helpers.ValueInterpreter.FORMAT_UINT8, com.polidea.rxandroidble.helpers.ValueInterpreter.FORMAT_UINT16, com.polidea.rxandroidble.helpers.ValueInterpreter.FORMAT_UINT32, com.polidea.rxandroidble.helpers.ValueInterpreter.FORMAT_SINT8, com.polidea.rxandroidble.helpers.ValueInterpreter.FORMAT_SINT16, com.polidea.rxandroidble.helpers.ValueInterpreter.FORMAT_SINT32}" />
    </annotation>
  </item>
</root>

